trial,testing,parameters,initial_deadline,final_deadline,net_reward,actions,success
1,False,"{'a': 0.005, 'e': 0.9999875000260416}",35,0,-183.28312551873685,"{0: 20, 1: 5, 2: 6, 3: 2, 4: 2}",0
2,False,"{'a': 0.005, 'e': 0.9999500004166653}",25,5,-157.070287061113,"{0: 9, 1: 2, 2: 6, 3: 1, 4: 2}",1
3,False,"{'a': 0.005, 'e': 0.9998875021093592}",25,0,-102.07743154849767,"{0: 15, 1: 2, 2: 7, 3: 0, 4: 1}",0
4,False,"{'a': 0.005, 'e': 0.9998000066665778}",20,0,-185.8918002002584,"{0: 10, 1: 0, 2: 6, 3: 1, 4: 3}",0
5,False,"{'a': 0.005, 'e': 0.9996875162757026}",30,14,-72.10467218234783,"{0: 7, 1: 3, 2: 5, 3: 1, 4: 0}",1
6,False,"{'a': 0.005, 'e': 0.9995500337489875}",20,0,-156.31550091022805,"{0: 11, 1: 2, 2: 4, 3: 0, 4: 3}",0
7,False,"{'a': 0.005, 'e': 0.9993875625234886}",20,0,-89.87907988591628,"{0: 12, 1: 0, 2: 6, 3: 2, 4: 0}",0
8,False,"{'a': 0.005, 'e': 0.9992001066609779}",30,0,-227.0414501334115,"{0: 18, 1: 1, 2: 6, 3: 1, 4: 4}",0
9,False,"{'a': 0.005, 'e': 0.9989876708478425}",30,0,-163.8345570714676,"{0: 15, 1: 4, 2: 8, 3: 2, 4: 1}",0
10,False,"{'a': 0.005, 'e': 0.9987502603949663}",25,0,-31.047043108689035,"{0: 18, 1: 3, 2: 4, 3: 0, 4: 0}",0
11,False,"{'a': 0.005, 'e': 0.9984878812375985}",25,0,-189.1151642714191,"{0: 14, 1: 1, 2: 6, 3: 1, 4: 3}",0
12,False,"{'a': 0.005, 'e': 0.9982005399352042}",20,0,-147.6042459618102,"{0: 8, 1: 3, 2: 6, 3: 2, 4: 1}",0
13,False,"{'a': 0.005, 'e': 0.9978882436713011}",25,0,-153.26970100081616,"{0: 14, 1: 3, 2: 5, 3: 1, 4: 2}",0
14,False,"{'a': 0.005, 'e': 0.9975510002532796}",20,0,-67.47007632645085,"{0: 14, 1: 2, 2: 3, 3: 0, 4: 1}",0
15,False,"{'a': 0.005, 'e': 0.9971888181122075}",30,0,-196.0620092297049,"{0: 12, 1: 4, 2: 11, 3: 2, 4: 1}",0
16,False,"{'a': 0.005, 'e': 0.9968017063026194}",20,0,-85.73422361547007,"{0: 15, 1: 2, 2: 1, 3: 0, 4: 2}",0
17,False,"{'a': 0.005, 'e': 0.9963896745022904}",25,13,-13.406331026722599,"{0: 9, 1: 0, 2: 3, 3: 0, 4: 0}",1
18,False,"{'a': 0.005, 'e': 0.9959527330119943}",20,0,-185.20516628149983,"{0: 8, 1: 3, 2: 6, 3: 0, 4: 3}",0
19,False,"{'a': 0.005, 'e': 0.9954908927552453}",25,0,-81.52327060832006,"{0: 16, 1: 2, 2: 5, 3: 2, 4: 0}",0
20,False,"{'a': 0.005, 'e': 0.9950041652780257}",20,0,-74.78929706246923,"{0: 12, 1: 2, 2: 4, 3: 2, 4: 0}",0
21,False,"{'a': 0.005, 'e': 0.9944925627484974}",25,3,-55.01434155158364,"{0: 17, 1: 1, 2: 3, 3: 0, 4: 1}",1
22,False,"{'a': 0.005, 'e': 0.9939560979566968}",20,0,-45.25223206633045,"{0: 13, 1: 4, 2: 2, 3: 1, 4: 0}",0
23,False,"{'a': 0.005, 'e': 0.9933947843142158}",20,0,-81.59862362488178,"{0: 12, 1: 3, 2: 4, 3: 0, 4: 1}",0
24,False,"{'a': 0.005, 'e': 0.9928086358538663}",30,6,-66.68017747501834,"{0: 18, 1: 1, 2: 3, 3: 1, 4: 1}",1
25,False,"{'a': 0.005, 'e': 0.992197667229329}",20,0,-72.18286332651591,"{0: 10, 1: 4, 2: 6, 3: 0, 4: 0}",0
26,False,"{'a': 0.005, 'e': 0.9915618937147881}",20,0,-81.9245830792144,"{0: 12, 1: 2, 2: 5, 3: 0, 4: 1}",0
27,False,"{'a': 0.005, 'e': 0.9909013312045479}",30,0,-273.9772743840799,"{0: 11, 1: 5, 2: 8, 3: 3, 4: 3}",0
28,False,"{'a': 0.005, 'e': 0.9902159962126371}",20,0,-147.1976013132893,"{0: 11, 1: 2, 2: 3, 3: 2, 4: 2}",0
29,False,"{'a': 0.005, 'e': 0.9895059058723947}",30,0,-103.4573228035398,"{0: 21, 1: 5, 2: 2, 3: 0, 4: 2}",0
30,False,"{'a': 0.005, 'e': 0.9887710779360422}",35,25,-7.864246592814343,"{0: 8, 1: 0, 2: 2, 3: 0, 4: 0}",1
31,False,"{'a': 0.005, 'e': 0.9880115307742399}",25,0,-192.72999795429385,"{0: 13, 1: 1, 2: 8, 3: 0, 4: 3}",0
32,False,"{'a': 0.005, 'e': 0.9872272833756269}",25,0,-113.68004496408686,"{0: 12, 1: 6, 2: 6, 3: 0, 4: 1}",0
33,False,"{'a': 0.005, 'e': 0.9864183553463477}",20,0,-77.669167373824,"{0: 12, 1: 4, 2: 3, 3: 0, 4: 1}",0
34,False,"{'a': 0.005, 'e': 0.9855847669095608}",25,0,-110.39022393980726,"{0: 14, 1: 4, 2: 5, 3: 1, 4: 1}",1
35,False,"{'a': 0.005, 'e': 0.9847265389049334}",30,0,-191.77687061682425,"{0: 15, 1: 1, 2: 12, 3: 0, 4: 2}",0
36,False,"{'a': 0.005, 'e': 0.9838436927881214}",20,0,-139.98283400596276,"{0: 12, 1: 0, 2: 5, 3: 1, 4: 2}",0
37,False,"{'a': 0.005, 'e': 0.9829362506302315}",25,0,-189.4729618640081,"{0: 12, 1: 2, 2: 7, 3: 2, 4: 2}",0
38,False,"{'a': 0.005, 'e': 0.9820042351172703}",20,0,-127.61834179434585,"{0: 11, 1: 2, 2: 5, 3: 0, 4: 2}",0
39,False,"{'a': 0.005, 'e': 0.9810476695495772}",20,0,-95.18882981601469,"{0: 11, 1: 3, 2: 5, 3: 0, 4: 1}",0
40,False,"{'a': 0.005, 'e': 0.9800665778412416}",30,0,-101.18518101413741,"{0: 19, 1: 3, 2: 7, 3: 0, 4: 1}",0
41,False,"{'a': 0.005, 'e': 0.9790609845195051}",25,0,-134.77692339780222,"{0: 13, 1: 2, 2: 8, 3: 1, 4: 1}",0
42,False,"{'a': 0.005, 'e': 0.9780309147241483}",30,0,-134.89506569421005,"{0: 19, 1: 4, 2: 4, 3: 1, 4: 2}",0
43,False,"{'a': 0.005, 'e': 0.9769763942068623}",20,1,-59.60644116660286,"{0: 10, 1: 3, 2: 6, 3: 0, 4: 0}",1
44,False,"{'a': 0.005, 'e': 0.9758974493306055}",30,0,-210.73338935112704,"{0: 16, 1: 2, 2: 8, 3: 1, 4: 3}",0
45,False,"{'a': 0.005, 'e': 0.9747941070689433}",25,0,-115.83169683681243,"{0: 15, 1: 3, 2: 4, 3: 2, 4: 1}",0
46,False,"{'a': 0.005, 'e': 0.9736663950053749}",20,0,-150.00343676475498,"{0: 12, 1: 1, 2: 4, 3: 0, 4: 3}",0
47,False,"{'a': 0.005, 'e': 0.972514341332643}",25,0,-94.65197092416747,"{0: 17, 1: 1, 2: 5, 3: 1, 4: 1}",0
48,False,"{'a': 0.005, 'e': 0.9713379748520297}",30,0,-140.82538417033902,"{0: 17, 1: 2, 2: 9, 3: 1, 4: 1}",0
49,False,"{'a': 0.005, 'e': 0.9701373249726354}",20,0,-23.768726582142417,"{0: 15, 1: 2, 2: 3, 3: 0, 4: 0}",0
50,False,"{'a': 0.005, 'e': 0.9689124217106447}",25,0,-142.23739786944802,"{0: 12, 1: 5, 2: 5, 3: 2, 4: 1}",0
51,False,"{'a': 0.005, 'e': 0.9676632956885756}",30,0,-189.83083607205714,"{0: 18, 1: 2, 2: 6, 3: 1, 4: 3}",0
52,False,"{'a': 0.005, 'e': 0.9663899781345132}",25,0,-146.400666460746,"{0: 14, 1: 4, 2: 4, 3: 1, 4: 2}",0
53,False,"{'a': 0.005, 'e': 0.9650925008813303}",30,0,-140.68340375566126,"{0: 17, 1: 4, 2: 6, 3: 2, 4: 1}",0
54,False,"{'a': 0.005, 'e': 0.9637708963658905}",25,0,-130.25747525623694,"{0: 15, 1: 1, 2: 4, 3: 5, 4: 0}",0
55,False,"{'a': 0.005, 'e': 0.962425197628238}",20,0,-115.10371442918444,"{0: 10, 1: 1, 2: 6, 3: 3, 4: 0}",0
56,False,"{'a': 0.005, 'e': 0.9610554383107709}",25,13,-32.89727181749694,"{0: 7, 1: 0, 2: 5, 3: 0, 4: 0}",1
57,False,"{'a': 0.005, 'e': 0.9596616526574011}",20,0,-127.34515329953288,"{0: 9, 1: 6, 2: 3, 3: 0, 4: 2}",0
58,False,"{'a': 0.005, 'e': 0.9582438755126972}",30,0,-82.1298564219064,"{0: 17, 1: 8, 2: 4, 3: 1, 4: 0}",0
59,False,"{'a': 0.005, 'e': 0.9568021423210139}",30,0,-234.06413079415216,"{0: 16, 1: 1, 2: 7, 3: 3, 4: 3}",0
60,False,"{'a': 0.005, 'e': 0.955336489125606}",25,0,-107.97441680893495,"{0: 12, 1: 6, 2: 5, 3: 2, 4: 0}",0
61,False,"{'a': 0.005, 'e': 0.9538469525677271}",20,2,-190.7854763807591,"{0: 7, 1: 3, 2: 3, 3: 2, 4: 3}",1
62,False,"{'a': 0.005, 'e': 0.9523335698857134}",20,4,-82.28259607149009,"{0: 9, 1: 3, 2: 2, 3: 1, 4: 1}",1
63,False,"{'a': 0.005, 'e': 0.9507963789140532}",30,0,-104.65396309546747,"{0: 15, 1: 7, 2: 8, 3: 0, 4: 0}",0
64,False,"{'a': 0.005, 'e': 0.9492354180824408}",25,0,-174.2584647604495,"{0: 15, 1: 0, 2: 7, 3: 0, 4: 3}",0
65,False,"{'a': 0.005, 'e': 0.9476507264148157}",25,0,-131.37575232015556,"{0: 13, 1: 6, 2: 4, 3: 0, 4: 2}",0
66,False,"{'a': 0.005, 'e': 0.946042343528387}",20,0,-67.78395590328512,"{0: 15, 1: 1, 2: 2, 3: 1, 4: 1}",0
67,False,"{'a': 0.005, 'e': 0.944410309632643}",25,0,-121.28948173042383,"{0: 16, 1: 2, 2: 5, 3: 0, 4: 2}",0
68,False,"{'a': 0.005, 'e': 0.9427546655283462}",30,0,-100.1595586586179,"{0: 19, 1: 2, 2: 7, 3: 2, 4: 0}",0
69,False,"{'a': 0.005, 'e': 0.941075452606513}",20,3,-7.616457202126809,"{0: 14, 1: 1, 2: 2, 3: 0, 4: 0}",1
70,False,"{'a': 0.005, 'e': 0.9393727128473789}",30,9,-129.2199671427834,"{0: 13, 1: 1, 2: 4, 3: 1, 4: 2}",1
71,False,"{'a': 0.005, 'e': 0.9376464888193493}",20,0,-95.37405277738657,"{0: 10, 1: 4, 2: 5, 3: 0, 4: 1}",0
72,False,"{'a': 0.005, 'e': 0.9358968236779348}",25,0,-110.75893237246528,"{0: 14, 1: 2, 2: 8, 3: 0, 4: 1}",0
73,False,"{'a': 0.005, 'e': 0.9341237611646731}",20,0,-138.7418088581602,"{0: 9, 1: 4, 2: 5, 3: 0, 4: 2}",0
74,False,"{'a': 0.005, 'e': 0.9323273456060345}",30,0,-90.86804999751558,"{0: 18, 1: 5, 2: 6, 3: 1, 4: 0}",0
75,False,"{'a': 0.005, 'e': 0.9305076219123143}",20,0,-88.65191817113651,"{0: 10, 1: 3, 2: 6, 3: 1, 4: 0}",0
76,False,"{'a': 0.005, 'e': 0.9286646355765102}",35,2,-140.30417581004932,"{0: 22, 1: 2, 2: 6, 3: 1, 4: 2}",1
77,False,"{'a': 0.005, 'e': 0.9267984326731847}",20,0,-74.85497161493268,"{0: 11, 1: 2, 2: 6, 3: 1, 4: 0}",0
78,False,"{'a': 0.005, 'e': 0.9249090598573131}",20,0,-113.20230387330665,"{0: 13, 1: 0, 2: 5, 3: 0, 4: 2}",0
79,False,"{'a': 0.005, 'e': 0.9229965643631173}",20,0,-121.06920641277479,"{0: 12, 1: 0, 2: 6, 3: 0, 4: 2}",0
80,False,"{'a': 0.005, 'e': 0.9210609940028851}",20,0,-60.76096555683805,"{0: 14, 1: 3, 2: 2, 3: 0, 4: 1}",0
81,False,"{'a': 0.005, 'e': 0.9191023971657747}",25,0,-120.99947522646524,"{0: 13, 1: 1, 2: 9, 3: 2, 4: 0}",0
82,False,"{'a': 0.005, 'e': 0.9171208228166051}",20,0,-56.57016096075231,"{0: 10, 1: 6, 2: 4, 3: 0, 4: 0}",0
83,False,"{'a': 0.005, 'e': 0.9151163204946318}",25,0,-116.36011660385923,"{0: 15, 1: 1, 2: 7, 3: 1, 4: 1}",0
84,False,"{'a': 0.005, 'e': 0.9130889403123083}",25,0,-55.94515631981612,"{0: 17, 1: 2, 2: 6, 3: 0, 4: 0}",0
85,False,"{'a': 0.005, 'e': 0.9110387329540337}",25,0,-155.4116375728314,"{0: 14, 1: 1, 2: 7, 3: 1, 4: 2}",0
86,False,"{'a': 0.005, 'e': 0.9089657496748851}",25,0,-138.93404023785348,"{0: 14, 1: 3, 2: 6, 3: 0, 4: 2}",0
87,False,"{'a': 0.005, 'e': 0.9068700422993367}",25,1,-128.33210545031127,"{0: 12, 1: 4, 2: 6, 3: 1, 4: 1}",1
88,False,"{'a': 0.005, 'e': 0.9047516632199635}",20,0,-82.46669570088412,"{0: 12, 1: 3, 2: 4, 3: 0, 4: 1}",0
89,False,"{'a': 0.005, 'e': 0.9026106653961321}",25,0,-167.71518414754098,"{0: 15, 1: 2, 2: 5, 3: 0, 4: 3}",0
90,False,"{'a': 0.005, 'e': 0.9004471023526769}",25,0,-50.03036891248678,"{0: 19, 1: 1, 2: 3, 3: 2, 4: 0}",0
91,False,"{'a': 0.005, 'e': 0.8982610281785611}",20,0,-76.0895415153496,"{0: 13, 1: 3, 2: 2, 3: 1, 4: 1}",0
92,False,"{'a': 0.005, 'e': 0.8960524975255253}",25,0,-105.2108069975589,"{0: 15, 1: 2, 2: 7, 3: 0, 4: 1}",0
93,False,"{'a': 0.005, 'e': 0.8938215656067205}",25,0,-25.922207359378376,"{0: 19, 1: 4, 2: 1, 3: 1, 4: 0}",0
94,False,"{'a': 0.005, 'e': 0.8915682881953289}",25,0,-78.61441463471631,"{0: 16, 1: 3, 2: 4, 3: 2, 4: 0}",0
95,False,"{'a': 0.005, 'e': 0.8892927216231682}",35,14,-109.25705156763898,"{0: 11, 1: 2, 2: 6, 3: 1, 4: 1}",1
96,False,"{'a': 0.005, 'e': 0.8869949227792842}",25,0,-171.08462633998317,"{0: 15, 1: 0, 2: 7, 3: 0, 4: 3}",0
97,False,"{'a': 0.005, 'e': 0.8846749491085283}",20,0,-0.8098519561857832,"{0: 17, 1: 2, 2: 1, 3: 0, 4: 0}",0
98,False,"{'a': 0.005, 'e': 0.8823328586101216}",20,0,-124.93927312795682,"{0: 13, 1: 3, 2: 1, 3: 0, 4: 3}",0
99,False,"{'a': 0.005, 'e': 0.8799687098362042}",30,0,-166.3318660012573,"{0: 19, 1: 0, 2: 7, 3: 2, 4: 2}",0
100,False,"{'a': 0.005, 'e': 0.8775825618903728}",20,0,-79.39090832320913,"{0: 13, 1: 4, 2: 1, 3: 1, 4: 1}",0
101,False,"{'a': 0.005, 'e': 0.8751744744262013}",25,0,-140.0841727981886,"{0: 12, 1: 4, 2: 6, 3: 2, 4: 1}",1
102,False,"{'a': 0.005, 'e': 0.8727445076457513}",20,0,-95.31933517110443,"{0: 14, 1: 1, 2: 3, 3: 0, 4: 2}",0
103,False,"{'a': 0.005, 'e': 0.8702927222980654}",20,6,-11.701455486551819,"{0: 11, 1: 1, 2: 2, 3: 0, 4: 0}",1
104,False,"{'a': 0.005, 'e': 0.8678191796776499}",25,0,-33.44356663210025,"{0: 17, 1: 5, 2: 3, 3: 0, 4: 0}",0
105,False,"{'a': 0.005, 'e': 0.8653239416229412}",25,9,-26.217276608527982,"{0: 10, 1: 3, 2: 3, 3: 0, 4: 0}",1
106,False,"{'a': 0.005, 'e': 0.862807070514761}",25,0,-97.38952295446337,"{0: 14, 1: 4, 2: 5, 3: 2, 4: 0}",0
107,False,"{'a': 0.005, 'e': 0.8602686292747557}",20,0,-82.11629640859464,"{0: 13, 1: 3, 2: 2, 3: 1, 4: 1}",0
108,False,"{'a': 0.005, 'e': 0.8577086813638242}",20,0,-72.50024825006605,"{0: 11, 1: 3, 2: 5, 3: 1, 4: 0}",0
109,False,"{'a': 0.005, 'e': 0.8551272907805307}",25,0,-118.97637073023286,"{0: 15, 1: 3, 2: 4, 3: 2, 4: 1}",0
110,False,"{'a': 0.005, 'e': 0.8525245220595057}",30,0,-81.38600501225132,"{0: 21, 1: 3, 2: 5, 3: 0, 4: 1}",0
111,False,"{'a': 0.005, 'e': 0.8499004402698315}",20,0,-47.27658431659441,"{0: 14, 1: 2, 2: 3, 3: 1, 4: 0}",0
112,False,"{'a': 0.005, 'e': 0.8472551110134161}",20,0,-152.8876363913285,"{0: 10, 1: 2, 2: 5, 3: 1, 4: 2}",0
113,False,"{'a': 0.005, 'e': 0.8445886004233532}",30,13,1.6007198546070265,"{0: 14, 1: 1, 2: 2, 3: 0, 4: 0}",1
114,False,"{'a': 0.005, 'e': 0.8419009751622687}",20,0,-87.65047703949216,"{0: 13, 1: 1, 2: 4, 3: 1, 4: 1}",0
115,False,"{'a': 0.005, 'e': 0.8391923024206541}",30,0,-102.06872191893035,"{0: 18, 1: 3, 2: 7, 3: 2, 4: 0}",0
116,False,"{'a': 0.005, 'e': 0.8364626499151869}",30,0,-123.8723656877343,"{0: 21, 1: 2, 2: 4, 3: 1, 4: 2}",0
117,False,"{'a': 0.005, 'e': 0.8337120858870376}",30,0,-163.88795320424072,"{0: 16, 1: 4, 2: 8, 3: 0, 4: 2}",0
118,False,"{'a': 0.005, 'e': 0.8309406791001634}",25,0,-65.90783902566686,"{0: 18, 1: 4, 2: 2, 3: 0, 4: 1}",0
119,False,"{'a': 0.005, 'e': 0.8281484988395901}",20,0,-82.25173566853024,"{0: 13, 1: 1, 2: 5, 3: 0, 4: 1}",0
120,False,"{'a': 0.005, 'e': 0.8253356149096783}",25,13,-6.506706126040801,"{0: 10, 1: 0, 2: 2, 3: 0, 4: 0}",1
121,False,"{'a': 0.005, 'e': 0.82250209763238}",30,0,-154.52147034800774,"{0: 18, 1: 5, 2: 3, 3: 2, 4: 2}",0
122,False,"{'a': 0.005, 'e': 0.8196480178454795}",20,0,-126.01302001001108,"{0: 10, 1: 4, 2: 4, 3: 0, 4: 2}",0
123,False,"{'a': 0.005, 'e': 0.8167734469008229}",20,0,-46.08608867152284,"{0: 13, 1: 2, 2: 5, 3: 0, 4: 0}",0
124,False,"{'a': 0.005, 'e': 0.8138784566625339}",20,0,-135.11279378964582,"{0: 10, 1: 2, 2: 6, 3: 0, 4: 2}",0
125,False,"{'a': 0.005, 'e': 0.8109631195052179}",25,2,-105.2167315755474,"{0: 13, 1: 1, 2: 8, 3: 0, 4: 1}",1
126,False,"{'a': 0.005, 'e': 0.8080275083121519}",30,0,-119.74591041163495,"{0: 17, 1: 6, 2: 5, 3: 1, 4: 1}",0
127,False,"{'a': 0.005, 'e': 0.8050716964734628}",35,8,-66.81385356329784,"{0: 20, 1: 1, 2: 4, 3: 2, 4: 0}",1
128,False,"{'a': 0.005, 'e': 0.8020957578842927}",20,0,-40.50602668572079,"{0: 15, 1: 4, 2: 0, 3: 0, 4: 1}",0
129,False,"{'a': 0.005, 'e': 0.7990997669429512}",25,0,-81.85977485400569,"{0: 19, 1: 3, 2: 1, 3: 0, 4: 2}",0
130,False,"{'a': 0.005, 'e': 0.7960837985490559}",25,0,-220.02669931374058,"{0: 14, 1: 2, 2: 4, 3: 1, 4: 4}",0
131,False,"{'a': 0.005, 'e': 0.7930479281016595}",20,0,-27.386066129427682,"{0: 15, 1: 2, 2: 2, 3: 1, 4: 0}",0
132,False,"{'a': 0.005, 'e': 0.7899922314973651}",30,0,-97.99411600624843,"{0: 23, 1: 1, 2: 4, 3: 0, 4: 2}",0
133,False,"{'a': 0.005, 'e': 0.7869167851284287}",20,0,-23.962459962112018,"{0: 15, 1: 1, 2: 4, 3: 0, 4: 0}",0
134,False,"{'a': 0.005, 'e': 0.7838216658808492}",25,12,-56.91132371728679,"{0: 8, 1: 2, 2: 2, 3: 0, 4: 1}",1
135,False,"{'a': 0.005, 'e': 0.7807069511324468}",20,10,-6.373925863188045,"{0: 9, 1: 0, 2: 0, 3: 1, 4: 0}",1
136,False,"{'a': 0.005, 'e': 0.7775727187509279}",25,0,-146.89651461626516,"{0: 14, 1: 4, 2: 4, 3: 1, 4: 2}",0
137,False,"{'a': 0.005, 'e': 0.7744190470919388}",20,0,-60.379230433960174,"{0: 14, 1: 2, 2: 3, 3: 0, 4: 1}",0
138,False,"{'a': 0.005, 'e': 0.7712460149971065}",35,1,-176.60626425868114,"{0: 19, 1: 2, 2: 9, 3: 3, 4: 1}",1
139,False,"{'a': 0.005, 'e': 0.7680537017920686}",30,8,-54.981868828388514,"{0: 16, 1: 3, 2: 2, 3: 0, 4: 1}",1
140,False,"{'a': 0.005, 'e': 0.7648421872844884}",20,5,-56.35366474260914,"{0: 10, 1: 1, 2: 3, 3: 0, 4: 1}",1
141,False,"{'a': 0.005, 'e': 0.7616115517620617}",20,10,-48.867100351865176,"{0: 8, 1: 0, 2: 0, 3: 1, 4: 1}",1
142,False,"{'a': 0.005, 'e': 0.7583618759905082}",20,0,-29.82131974733363,"{0: 15, 1: 2, 2: 2, 3: 1, 4: 0}",0
143,False,"{'a': 0.005, 'e': 0.7550932412115529}",20,0,-128.0908313119465,"{0: 13, 1: 0, 2: 4, 3: 1, 4: 2}",0
144,False,"{'a': 0.005, 'e': 0.751805729140895}",20,0,-96.92903932116823,"{0: 10, 1: 0, 2: 9, 3: 1, 4: 0}",0
145,False,"{'a': 0.005, 'e': 0.7484994219661651}",20,0,-85.83062970018302,"{0: 11, 1: 4, 2: 4, 3: 0, 4: 1}",0
146,False,"{'a': 0.005, 'e': 0.7451744023448704}",20,7,-22.038856045959527,"{0: 10, 1: 1, 2: 1, 3: 1, 4: 0}",1
147,False,"{'a': 0.005, 'e': 0.7418307534023283}",30,17,-33.808549433574434,"{0: 9, 1: 0, 2: 3, 3: 1, 4: 0}",1
148,False,"{'a': 0.005, 'e': 0.7384685587295879}",35,0,3.5668540181386286,"{0: 31, 1: 1, 2: 3, 3: 0, 4: 0}",0
149,False,"{'a': 0.005, 'e': 0.7350879023813413}",20,7,-41.66498473788638,"{0: 10, 1: 1, 2: 1, 3: 0, 4: 1}",1
150,False,"{'a': 0.005, 'e': 0.7316888688738209}",25,5,-64.03816457078366,"{0: 15, 1: 0, 2: 4, 3: 0, 4: 1}",1
151,False,"{'a': 0.005, 'e': 0.7282715431826874}",25,0,-236.1166642793335,"{0: 11, 1: 3, 2: 6, 3: 1, 4: 4}",0
152,False,"{'a': 0.005, 'e': 0.7248360107409052}",20,5,-35.036373184042546,"{0: 9, 1: 2, 2: 4, 3: 0, 4: 0}",1
153,False,"{'a': 0.005, 'e': 0.7213823574366063}",20,0,-61.65167731553975,"{0: 10, 1: 5, 2: 5, 3: 0, 4: 0}",0
154,False,"{'a': 0.005, 'e': 0.7179106696109434}",30,20,-35.224039166657874,"{0: 8, 1: 0, 2: 1, 3: 0, 4: 1}",1
155,False,"{'a': 0.005, 'e': 0.7144210340559314}",25,2,-51.68952340823645,"{0: 17, 1: 4, 2: 1, 3: 0, 4: 1}",1
156,False,"{'a': 0.005, 'e': 0.7109135380122773}",20,0,-132.14311211564151,"{0: 11, 1: 3, 2: 3, 3: 1, 4: 2}",0
157,False,"{'a': 0.005, 'e': 0.7073882691671998}",35,0,-51.16512248265548,"{0: 27, 1: 1, 2: 6, 3: 1, 4: 0}",0
158,False,"{'a': 0.005, 'e': 0.7038453156522362}",20,0,-58.730622475782354,"{0: 13, 1: 1, 2: 5, 3: 1, 4: 0}",0
159,False,"{'a': 0.005, 'e': 0.7002847660410397}",20,0,-87.42048128461965,"{0: 13, 1: 2, 2: 3, 3: 1, 4: 1}",0
160,False,"{'a': 0.005, 'e': 0.6967067093471655}",20,13,14.406812622699569,"{0: 7, 1: 0, 2: 0, 3: 0, 4: 0}",1
161,False,"{'a': 0.005, 'e': 0.6931112350218442}",20,0,-39.6613653375049,"{0: 16, 1: 1, 2: 2, 3: 0, 4: 1}",0
162,False,"{'a': 0.005, 'e': 0.6894984329517471}",35,0,-154.43926684956182,"{0: 25, 1: 1, 2: 6, 3: 0, 4: 3}",0
163,False,"{'a': 0.005, 'e': 0.6858683934567373}",20,14,-31.35743752253441,"{0: 5, 1: 0, 2: 0, 3: 0, 4: 1}",1
164,False,"{'a': 0.005, 'e': 0.6822212072876136}",30,0,-145.86044388417642,"{0: 18, 1: 3, 2: 6, 3: 1, 4: 2}",0
165,False,"{'a': 0.005, 'e': 0.6785569656238399}",25,0,-97.44451621220054,"{0: 17, 1: 1, 2: 4, 3: 2, 4: 1}",0
166,False,"{'a': 0.005, 'e': 0.6748757600712672}",20,0,-78.04318218683716,"{0: 13, 1: 1, 2: 5, 3: 0, 4: 1}",0
167,False,"{'a': 0.005, 'e': 0.6711776826598423}",25,0,-43.31841485579582,"{0: 21, 1: 0, 2: 3, 3: 0, 4: 1}",0
168,False,"{'a': 0.005, 'e': 0.6674628258413082}",20,6,-50.6005225712747,"{0: 11, 1: 0, 2: 1, 3: 1, 4: 1}",1
169,False,"{'a': 0.005, 'e': 0.6637312824868916}",20,0,-44.26184677466962,"{0: 16, 1: 1, 2: 1, 3: 2, 4: 0}",0
170,False,"{'a': 0.005, 'e': 0.6599831458849822}",20,0,-169.25012930208607,"{0: 9, 1: 2, 2: 5, 3: 2, 4: 2}",0
171,False,"{'a': 0.005, 'e': 0.6562185097387998}",25,10,-12.847096696484039,"{0: 12, 1: 0, 2: 3, 3: 0, 4: 0}",1
172,False,"{'a': 0.005, 'e': 0.6524374681640519}",25,0,-96.71160730013807,"{0: 18, 1: 3, 2: 1, 3: 1, 4: 2}",0
173,False,"{'a': 0.005, 'e': 0.648640115686581}",25,2,-118.20778454512809,"{0: 14, 1: 3, 2: 3, 3: 1, 4: 2}",1
174,False,"{'a': 0.005, 'e': 0.6448265472400012}",25,12,0.7534647061202324,"{0: 11, 1: 1, 2: 1, 3: 0, 4: 0}",1
175,False,"{'a': 0.005, 'e': 0.6409968581633252}",25,0,-161.24149611848202,"{0: 14, 1: 3, 2: 5, 3: 0, 4: 3}",0
176,False,"{'a': 0.005, 'e': 0.6371511441985802}",25,3,-52.135603752571456,"{0: 17, 1: 1, 2: 3, 3: 0, 4: 1}",1
177,False,"{'a': 0.005, 'e': 0.6332895014884152}",25,0,-47.259808935102846,"{0: 17, 1: 5, 2: 2, 3: 1, 4: 0}",0
178,False,"{'a': 0.005, 'e': 0.6294120265736969}",25,0,-60.363577591419116,"{0: 18, 1: 1, 2: 4, 3: 2, 4: 0}",0
179,False,"{'a': 0.005, 'e': 0.6255188163910961}",20,15,-2.48813347081689,"{0: 4, 1: 0, 2: 1, 3: 0, 4: 0}",1
180,False,"{'a': 0.005, 'e': 0.6216099682706645}",20,0,-59.33847526834541,"{0: 14, 1: 2, 2: 3, 3: 0, 4: 1}",0
181,False,"{'a': 0.005, 'e': 0.6176855799334017}",20,0,-67.52356862571725,"{0: 15, 1: 0, 2: 3, 3: 1, 4: 1}",0
182,False,"{'a': 0.005, 'e': 0.6137457494888116}",20,0,-22.03609922798632,"{0: 15, 1: 2, 2: 3, 3: 0, 4: 0}",0
183,False,"{'a': 0.005, 'e': 0.6097905754324502}",20,0,-56.34956227635442,"{0: 14, 1: 1, 2: 3, 3: 2, 4: 0}",0
184,False,"{'a': 0.005, 'e': 0.6058201566434629}",25,11,-78.95333633592153,"{0: 10, 1: 1, 2: 1, 3: 0, 4: 2}",1
185,False,"{'a': 0.005, 'e': 0.6018345923821126}",25,0,-121.09751484456748,"{0: 16, 1: 2, 2: 5, 3: 0, 4: 2}",0
186,False,"{'a': 0.005, 'e': 0.5978339822872982}",20,14,-53.116203637820846,"{0: 4, 1: 0, 2: 0, 3: 1, 4: 1}",1
187,False,"{'a': 0.005, 'e': 0.5938184263740639}",20,8,-51.60750824281312,"{0: 9, 1: 0, 2: 1, 3: 1, 4: 1}",1
188,False,"{'a': 0.005, 'e': 0.5897880250310983}",25,8,-1.642670740646041,"{0: 14, 1: 0, 2: 3, 3: 0, 4: 0}",1
189,False,"{'a': 0.005, 'e': 0.5857428790182249}",30,0,-144.61639139729644,"{0: 20, 1: 2, 2: 4, 3: 2, 4: 2}",0
190,False,"{'a': 0.005, 'e': 0.5816830894638835}",25,17,-40.946918212494836,"{0: 6, 1: 0, 2: 1, 3: 0, 4: 1}",1
191,False,"{'a': 0.005, 'e': 0.5776087578626015}",35,0,-50.5428971047169,"{0: 29, 1: 1, 2: 3, 3: 1, 4: 1}",0
192,False,"{'a': 0.005, 'e': 0.5735199860724567}",25,4,-5.8281100104132975,"{0: 19, 1: 0, 2: 1, 3: 1, 4: 0}",1
193,False,"{'a': 0.005, 'e': 0.5694168763125309}",20,1,-46.72404546823791,"{0: 15, 1: 1, 2: 2, 3: 0, 4: 1}",1
194,False,"{'a': 0.005, 'e': 0.5652995311603544}",20,16,6.435913843501609,"{0: 4, 1: 0, 2: 0, 3: 0, 4: 0}",1
195,False,"{'a': 0.005, 'e': 0.5611680535493415}",25,7,-35.56030336409311,"{0: 15, 1: 0, 2: 2, 3: 0, 4: 1}",1
196,False,"{'a': 0.005, 'e': 0.5570225467662173}",25,16,0.5041004397758271,"{0: 8, 1: 0, 2: 1, 3: 0, 4: 0}",1
197,False,"{'a': 0.005, 'e': 0.5528631144484356}",35,19,-48.55119755932105,"{0: 12, 1: 0, 2: 3, 3: 0, 4: 1}",1
198,False,"{'a': 0.005, 'e': 0.5486898605815876}",25,3,-8.53457470894536,"{0: 18, 1: 1, 2: 3, 3: 0, 4: 0}",1
199,False,"{'a': 0.005, 'e': 0.5445028894968027}",20,11,-28.2052342244746,"{0: 6, 1: 0, 2: 2, 3: 1, 4: 0}",1
200,False,"{'a': 0.005, 'e': 0.5403023058681398}",25,0,-108.0659630373603,"{0: 16, 1: 2, 2: 4, 3: 2, 4: 1}",0
201,False,"{'a': 0.005, 'e': 0.5360882147099708}",20,0,-148.63367751387878,"{0: 12, 1: 1, 2: 4, 3: 0, 4: 3}",0
202,False,"{'a': 0.005, 'e': 0.5318607213743555}",25,12,23.309628121377276,"{0: 13, 1: 0, 2: 0, 3: 0, 4: 0}",1
203,False,"{'a': 0.005, 'e': 0.5276199315484067}",20,10,10.59734064627702,"{0: 9, 1: 1, 2: 0, 3: 0, 4: 0}",1
204,False,"{'a': 0.005, 'e': 0.5233659512516496}",30,3,-60.23627552744173,"{0: 22, 1: 0, 2: 3, 3: 1, 4: 1}",1
205,False,"{'a': 0.005, 'e': 0.5190988868333698}",25,0,-49.00486510202449,"{0: 19, 1: 2, 2: 3, 3: 0, 4: 1}",0
206,False,"{'a': 0.005, 'e': 0.5148188449699553}",25,3,-91.84552429075555,"{0: 15, 1: 3, 2: 2, 3: 0, 4: 2}",1
207,False,"{'a': 0.005, 'e': 0.5105259326622303}",20,9,-43.679886213525464,"{0: 8, 1: 0, 2: 2, 3: 0, 4: 1}",1
208,False,"{'a': 0.005, 'e': 0.5062202572327784}",25,0,-70.35957123682905,"{0: 21, 1: 0, 2: 2, 3: 0, 4: 2}",0
209,False,"{'a': 0.005, 'e': 0.5019019263232615}",25,0,-71.44419224941657,"{0: 20, 1: 2, 2: 1, 3: 0, 4: 2}",0
210,False,"{'a': 0.005, 'e': 0.497571047891727}",25,6,-38.070143960085765,"{0: 15, 1: 2, 2: 1, 3: 0, 4: 1}",1
211,False,"{'a': 0.005, 'e': 0.4932277302099105}",25,15,-25.742354643070726,"{0: 6, 1: 1, 2: 3, 3: 0, 4: 0}",1
212,False,"{'a': 0.005, 'e': 0.48887208186052755}",20,12,3.157622635817991,"{0: 7, 1: 0, 2: 1, 3: 0, 4: 0}",1
213,False,"{'a': 0.005, 'e': 0.4845042117345603}",20,0,-20.356437531056983,"{0: 15, 1: 1, 2: 4, 3: 0, 4: 0}",0
214,False,"{'a': 0.005, 'e': 0.48012422902853413}",35,20,25.428783011569056,"{0: 15, 1: 0, 2: 0, 3: 0, 4: 0}",1
215,False,"{'a': 0.005, 'e': 0.4757322432417888}",25,0,-63.015709711664655,"{0: 17, 1: 2, 2: 5, 3: 1, 4: 0}",0
216,False,"{'a': 0.005, 'e': 0.47132836417373997}",20,11,-3.4047118286140874,"{0: 7, 1: 1, 2: 1, 3: 0, 4: 0}",1
217,False,"{'a': 0.005, 'e': 0.4669127019211353}",20,9,-4.8689350921215135,"{0: 9, 1: 0, 2: 2, 3: 0, 4: 0}",1
218,False,"{'a': 0.005, 'e': 0.4624853668753008}",25,13,7.896766025291103,"{0: 11, 1: 0, 2: 1, 3: 0, 4: 0}",1
219,False,"{'a': 0.005, 'e': 0.45804646971938234}",20,9,-12.303399665119036,"{0: 9, 1: 0, 2: 1, 3: 1, 4: 0}",1
220,False,"{'a': 0.005, 'e': 0.4535961214255773}",20,4,-3.5096626207629704,"{0: 13, 1: 1, 2: 2, 3: 0, 4: 0}",1
221,False,"{'a': 0.005, 'e': 0.4491344332523616}",35,14,18.070125135604762,"{0: 19, 1: 1, 2: 1, 3: 0, 4: 0}",1
222,False,"{'a': 0.005, 'e': 0.44466151674170673}",20,3,-39.27065325663952,"{0: 12, 1: 0, 2: 4, 3: 1, 4: 0}",1
223,False,"{'a': 0.005, 'e': 0.440177483716293}",20,14,10.555785780454146,"{0: 6, 1: 0, 2: 0, 3: 0, 4: 0}",1
224,False,"{'a': 0.005, 'e': 0.43568244627671204}",30,13,-2.0794050004998614,"{0: 14, 1: 0, 2: 3, 3: 0, 4: 0}",1
225,False,"{'a': 0.005, 'e': 0.4311765167986662}",20,8,-0.1965130965564672,"{0: 10, 1: 0, 2: 2, 3: 0, 4: 0}",1
226,False,"{'a': 0.005, 'e': 0.42665980793015723}",25,5,-43.47793723066979,"{0: 16, 1: 2, 2: 0, 3: 1, 4: 1}",1
227,False,"{'a': 0.005, 'e': 0.422132432588672}",25,12,-23.437059554961962,"{0: 10, 1: 0, 2: 2, 3: 1, 4: 0}",1
228,False,"{'a': 0.005, 'e': 0.41759450395835795}",30,0,-36.38082202510731,"{0: 23, 1: 1, 2: 6, 3: 0, 4: 0}",0
229,False,"{'a': 0.005, 'e': 0.4130461354871949}",20,3,3.3267651421466313,"{0: 15, 1: 0, 2: 2, 3: 0, 4: 0}",1
230,False,"{'a': 0.005, 'e': 0.40848744088415717}",25,9,5.6861557064537,"{0: 15, 1: 0, 2: 0, 3: 1, 4: 0}",1
231,False,"{'a': 0.005, 'e': 0.40391853411637296}",25,0,29.37274192864829,"{0: 23, 1: 2, 2: 0, 3: 0, 4: 0}",0
232,False,"{'a': 0.005, 'e': 0.3993395294062732}",25,14,-24.418786059041146,"{0: 7, 1: 1, 2: 3, 3: 0, 4: 0}",1
233,False,"{'a': 0.005, 'e': 0.39475054122873704}",20,2,-28.275897351462767,"{0: 13, 1: 1, 2: 4, 3: 0, 4: 0}",1
234,False,"{'a': 0.005, 'e': 0.3901516843082303}",25,16,17.307013559906636,"{0: 9, 1: 0, 2: 0, 3: 0, 4: 0}",1
235,False,"{'a': 0.005, 'e': 0.385543073615936}",25,20,9.298302742861985,"{0: 5, 1: 0, 2: 0, 3: 0, 4: 0}",1
236,False,"{'a': 0.005, 'e': 0.3809248243668818}",30,18,-77.49512807141151,"{0: 9, 1: 0, 2: 1, 3: 0, 4: 2}",1
237,False,"{'a': 0.005, 'e': 0.3762970520170581}",25,11,-57.57916717648863,"{0: 12, 1: 0, 2: 0, 3: 0, 4: 2}",1
238,False,"{'a': 0.005, 'e': 0.371659872260533}",20,2,-40.69858727731069,"{0: 10, 1: 5, 2: 3, 3: 0, 4: 0}",1
239,False,"{'a': 0.005, 'e': 0.3670134010265584}",20,6,-29.873083976639236,"{0: 12, 1: 0, 2: 1, 3: 0, 4: 1}",1
240,False,"{'a': 0.005, 'e': 0.3623577544766736}",30,22,-28.122642053940005,"{0: 7, 1: 0, 2: 0, 3: 0, 4: 1}",1
241,False,"{'a': 0.005, 'e': 0.3576930490017995}",25,20,7.348571107525073,"{0: 5, 1: 0, 2: 0, 3: 0, 4: 0}",1
242,False,"{'a': 0.005, 'e': 0.35301940121933034}",25,12,-75.30077944445152,"{0: 10, 1: 0, 2: 1, 3: 0, 4: 2}",1
243,False,"{'a': 0.005, 'e': 0.348336927970217}",20,13,-3.5727989699629736,"{0: 5, 1: 1, 2: 1, 3: 0, 4: 0}",1
244,False,"{'a': 0.005, 'e': 0.34364574631604705}",20,0,-40.04838893686026,"{0: 17, 1: 0, 2: 2, 3: 0, 4: 1}",1
245,False,"{'a': 0.005, 'e': 0.3389459735361172}",20,16,7.338302070308498,"{0: 4, 1: 0, 2: 0, 3: 0, 4: 0}",1
246,False,"{'a': 0.005, 'e': 0.3342377271245026}",20,12,-37.72603986134681,"{0: 6, 1: 0, 2: 1, 3: 0, 4: 1}",1
247,False,"{'a': 0.005, 'e': 0.32952112478711787}",20,3,16.609490371821394,"{0: 16, 1: 0, 2: 1, 3: 0, 4: 0}",1
248,False,"{'a': 0.005, 'e': 0.32479628443877623}",25,17,4.463501091949262,"{0: 7, 1: 0, 2: 1, 3: 0, 4: 0}",1
249,False,"{'a': 0.005, 'e': 0.32006332420023986}",20,9,-11.00099174132612,"{0: 8, 1: 2, 2: 0, 3: 1, 4: 0}",1
250,False,"{'a': 0.005, 'e': 0.3153223623952687}",30,4,20.838215690816867,"{0: 24, 1: 0, 2: 2, 3: 0, 4: 0}",1
251,False,"{'a': 0.005, 'e': 0.3105735175476604}",25,0,23.862906065003852,"{0: 24, 1: 0, 2: 1, 3: 0, 4: 0}",0
252,False,"{'a': 0.005, 'e': 0.3058169083782893}",25,0,-26.87102633415591,"{0: 20, 1: 1, 2: 3, 3: 1, 4: 0}",1
253,False,"{'a': 0.005, 'e': 0.3010526538021365}",20,0,-17.275783723804235,"{0: 15, 1: 2, 2: 3, 3: 0, 4: 0}",0
254,False,"{'a': 0.005, 'e': 0.2962808729253187}",20,9,-34.06792401199809,"{0: 9, 1: 0, 2: 1, 3: 0, 4: 1}",1
255,False,"{'a': 0.005, 'e': 0.2915016850421088}",20,10,19.059498171901982,"{0: 10, 1: 0, 2: 0, 3: 0, 4: 0}",1
256,False,"{'a': 0.005, 'e': 0.28671520963195546}",25,10,-7.6860548467921905,"{0: 11, 1: 2, 2: 2, 3: 0, 4: 0}",1
257,False,"{'a': 0.005, 'e': 0.2819215663564944}",25,7,25.82349516733168,"{0: 17, 1: 1, 2: 0, 3: 0, 4: 0}",1
258,False,"{'a': 0.005, 'e': 0.2771208750565576}",20,0,-10.232236582094194,"{0: 17, 1: 0, 2: 2, 3: 1, 4: 0}",1
259,False,"{'a': 0.005, 'e': 0.272313255749178}",20,13,11.874193860971502,"{0: 7, 1: 0, 2: 0, 3: 0, 4: 0}",1
260,False,"{'a': 0.005, 'e': 0.26749882862458735}",25,7,14.882010233568007,"{0: 17, 1: 0, 2: 1, 3: 0, 4: 0}",1
261,False,"{'a': 0.005, 'e': 0.26267771404321355}",20,9,-0.9804944507616442,"{0: 10, 1: 0, 2: 0, 3: 1, 4: 0}",1
262,False,"{'a': 0.005, 'e': 0.2578500325326696}",20,16,7.046889502089787,"{0: 4, 1: 0, 2: 0, 3: 0, 4: 0}",1
263,False,"{'a': 0.005, 'e': 0.25301590478474223}",30,0,4.686104178358712,"{0: 26, 1: 1, 2: 3, 3: 0, 4: 0}",0
264,False,"{'a': 0.005, 'e': 0.2481754516523729}",25,0,12.19083783161747,"{0: 23, 1: 0, 2: 2, 3: 0, 4: 0}",0
265,False,"{'a': 0.005, 'e': 0.24332879414663827}",20,16,6.213016302752235,"{0: 4, 1: 0, 2: 0, 3: 0, 4: 0}",1
266,False,"{'a': 0.005, 'e': 0.23847605343372313}",30,15,15.246791686505949,"{0: 14, 1: 0, 2: 1, 3: 0, 4: 0}",1
267,False,"{'a': 0.005, 'e': 0.23361735083189297}",25,7,23.735071081824092,"{0: 17, 1: 0, 2: 1, 3: 0, 4: 0}",1
268,False,"{'a': 0.005, 'e': 0.22875280780845939}",25,18,-29.574655608989012,"{0: 6, 1: 0, 2: 0, 3: 0, 4: 1}",1
269,False,"{'a': 0.005, 'e': 0.22388254597674498}",20,0,-67.61168958259178,"{0: 17, 1: 0, 2: 1, 3: 0, 4: 2}",0
270,False,"{'a': 0.005, 'e': 0.2190066870930415}",20,16,8.471975108156142,"{0: 4, 1: 0, 2: 0, 3: 0, 4: 0}",1
271,False,"{'a': 0.005, 'e': 0.21412535305356747}",20,8,7.4697980028809345,"{0: 11, 1: 0, 2: 1, 3: 0, 4: 0}",1
272,False,"{'a': 0.005, 'e': 0.20923866589141926}",20,3,-26.31665375881785,"{0: 15, 1: 0, 2: 1, 3: 0, 4: 1}",1
273,False,"{'a': 0.005, 'e': 0.2043467477735218}",20,16,8.066274755978482,"{0: 4, 1: 0, 2: 0, 3: 0, 4: 0}",1
274,False,"{'a': 0.005, 'e': 0.19944972099757285}",20,10,19.193430193582365,"{0: 10, 1: 0, 2: 0, 3: 0, 4: 0}",1
275,False,"{'a': 0.005, 'e': 0.19454770798898718}",30,8,-59.87643026613772,"{0: 19, 1: 0, 2: 1, 3: 0, 4: 2}",1
276,False,"{'a': 0.005, 'e': 0.18964083129783424}",35,17,-11.60633983498531,"{0: 17, 1: 0, 2: 0, 3: 0, 4: 1}",1
277,False,"{'a': 0.005, 'e': 0.1847292135957762}",25,0,-11.320005302593406,"{0: 20, 1: 1, 2: 4, 3: 0, 4: 0}",0
278,False,"{'a': 0.005, 'e': 0.17981297767299934}",25,12,10.549387013630241,"{0: 12, 1: 0, 2: 1, 3: 0, 4: 0}",1
279,False,"{'a': 0.005, 'e': 0.17489224643514614}",20,16,8.44338246759379,"{0: 4, 1: 0, 2: 0, 3: 0, 4: 0}",1
280,False,"{'a': 0.005, 'e': 0.16996714290024081}",30,16,28.23396974867429,"{0: 14, 1: 0, 2: 0, 3: 0, 4: 0}",1
281,False,"{'a': 0.005, 'e': 0.16503779019561562}",20,8,25.672462839261613,"{0: 12, 1: 0, 2: 0, 3: 0, 4: 0}",1
282,False,"{'a': 0.005, 'e': 0.16010431155483126}",35,8,50.24419243347301,"{0: 27, 1: 0, 2: 0, 3: 0, 4: 0}",1
283,False,"{'a': 0.005, 'e': 0.15516683031459658}",20,3,-9.15580367729174,"{0: 14, 1: 0, 2: 3, 3: 0, 4: 0}",1
284,False,"{'a': 0.005, 'e': 0.15022546991168584}",20,6,21.891820860673512,"{0: 14, 1: 0, 2: 0, 3: 0, 4: 0}",1
285,False,"{'a': 0.005, 'e': 0.14528035387985133}",30,21,18.20445886994347,"{0: 9, 1: 0, 2: 0, 3: 0, 4: 0}",1
286,False,"{'a': 0.005, 'e': 0.1403316058467367}",30,16,9.161881894426255,"{0: 12, 1: 1, 2: 1, 3: 0, 4: 0}",1
287,False,"{'a': 0.005, 'e': 0.13537934953078465}",30,15,12.165691366810167,"{0: 14, 1: 0, 2: 1, 3: 0, 4: 0}",1
288,False,"{'a': 0.005, 'e': 0.13042370873814554}",25,16,18.683220954455525,"{0: 9, 1: 0, 2: 0, 3: 0, 4: 0}",1
289,False,"{'a': 0.005, 'e': 0.12546480735958065}",25,15,7.476083621374716,"{0: 9, 1: 0, 2: 1, 3: 0, 4: 0}",1
290,False,"{'a': 0.005, 'e': 0.1205027693673666}",20,3,-22.253744989251963,"{0: 15, 1: 1, 2: 0, 3: 0, 4: 1}",1
291,False,"{'a': 0.005, 'e': 0.11553771881219435}",30,12,35.78557439833285,"{0: 18, 1: 0, 2: 0, 3: 0, 4: 0}",1
292,False,"{'a': 0.005, 'e': 0.11056977982006957}",25,19,12.736299700402025,"{0: 6, 1: 0, 2: 0, 3: 0, 4: 0}",1
293,False,"{'a': 0.005, 'e': 0.10559907658920793}",25,7,8.318952843677712,"{0: 16, 1: 0, 2: 2, 3: 0, 4: 0}",1
294,False,"{'a': 0.005, 'e': 0.10062573338693172}",20,0,32.67676810759851,"{0: 20, 1: 0, 2: 0, 3: 0, 4: 0}",1
295,False,"{'a': 0.005, 'e': 0.09564987454656154}",25,14,18.732053984047074,"{0: 11, 1: 0, 2: 0, 3: 0, 4: 0}",1
296,False,"{'a': 0.005, 'e': 0.09067162446430967}",20,13,13.26059722765049,"{0: 7, 1: 0, 2: 0, 3: 0, 4: 0}",1
297,False,"{'a': 0.005, 'e': 0.08569110759616845}",20,9,18.13248812714766,"{0: 11, 1: 0, 2: 0, 3: 0, 4: 0}",1
298,False,"{'a': 0.005, 'e': 0.08070844845480062}",20,16,10.59105640161218,"{0: 4, 1: 0, 2: 0, 3: 0, 4: 0}",1
299,False,"{'a': 0.005, 'e': 0.07572377160642475}",20,11,15.305087974180697,"{0: 9, 1: 0, 2: 0, 3: 0, 4: 0}",1
300,False,"{'a': 0.005, 'e': 0.0707372016677029}",20,13,7.145289818385207,"{0: 6, 1: 1, 2: 0, 3: 0, 4: 0}",1
301,False,"{'a': 0.005, 'e': 0.06574886330262336}",30,18,25.94654114311163,"{0: 12, 1: 0, 2: 0, 3: 0, 4: 0}",1
302,False,"{'a': 0.005, 'e': 0.0607588812193859}",35,16,33.88369368211414,"{0: 19, 1: 0, 2: 0, 3: 0, 4: 0}",1
303,False,"{'a': 0.005, 'e': 0.05576738016728225}",25,6,16.61083151940391,"{0: 18, 1: 0, 2: 1, 3: 0, 4: 0}",1
304,False,"{'a': 0.005, 'e': 0.05077448493357918}",20,9,19.586098011838022,"{0: 11, 1: 0, 2: 0, 3: 0, 4: 0}",1
305,False,"{'a': 0.005, 'e': 0.04578032034039706}",30,18,-24.17887554558944,"{0: 11, 1: 0, 2: 0, 3: 0, 4: 1}",1
306,False,"{'a': 0.005, 'e': 0.040785011241591035}",25,16,18.39346368179781,"{0: 9, 1: 0, 2: 0, 3: 0, 4: 0}",1
307,False,"{'a': 0.005, 'e': 0.03578868251962797}",25,13,19.251023795819034,"{0: 12, 1: 0, 2: 0, 3: 0, 4: 0}",1
308,False,"{'a': 0.005, 'e': 0.030791459082466124}",30,20,14.497564565841966,"{0: 9, 1: 1, 2: 0, 3: 0, 4: 0}",1
309,False,"{'a': 0.005, 'e': 0.02579346586043094}",30,20,-24.80901344780278,"{0: 9, 1: 0, 2: 0, 3: 0, 4: 1}",1
310,False,"{'a': 0.005, 'e': 0.02079482780309243}",35,12,3.4860701929314506,"{0: 22, 1: 0, 2: 0, 3: 0, 4: 1}",1
311,False,"{'a': 0.005, 'e': 0.01579566987614213}",20,8,26.745826905542266,"{0: 12, 1: 0, 2: 0, 3: 0, 4: 0}",1
312,False,"{'a': 0.005, 'e': 0.010796117058267392}",25,7,31.525871753002026,"{0: 18, 1: 0, 2: 0, 3: 0, 4: 0}",1
313,False,"{'a': 0.005, 'e': 0.00579629433802872}",20,0,33.71229866405179,"{0: 20, 1: 0, 2: 0, 3: 0, 4: 0}",1
1,True,"{'a': 0, 'e': 0}",35,19,30.512563874546327,"{0: 16, 1: 0, 2: 0, 3: 0, 4: 0}",1
2,True,"{'a': 0, 'e': 0}",25,15,20.390733982861047,"{0: 10, 1: 0, 2: 0, 3: 0, 4: 0}",1
3,True,"{'a': 0, 'e': 0}",35,8,47.74025614570576,"{0: 27, 1: 0, 2: 0, 3: 0, 4: 0}",1
4,True,"{'a': 0, 'e': 0}",20,7,22.270912636219208,"{0: 13, 1: 0, 2: 0, 3: 0, 4: 0}",1
5,True,"{'a': 0, 'e': 0}",20,10,20.914828038194386,"{0: 10, 1: 0, 2: 0, 3: 0, 4: 0}",1
6,True,"{'a': 0, 'e': 0}",30,18,19.715523256880623,"{0: 12, 1: 0, 2: 0, 3: 0, 4: 0}",1
7,True,"{'a': 0, 'e': 0}",20,9,19.144876103830537,"{0: 11, 1: 0, 2: 0, 3: 0, 4: 0}",1
8,True,"{'a': 0, 'e': 0}",30,17,23.469915638897252,"{0: 13, 1: 0, 2: 0, 3: 0, 4: 0}",1
9,True,"{'a': 0, 'e': 0}",25,15,20.08771027100663,"{0: 10, 1: 0, 2: 0, 3: 0, 4: 0}",1
10,True,"{'a': 0, 'e': 0}",20,12,14.775410078108507,"{0: 8, 1: 0, 2: 0, 3: 0, 4: 0}",1
11,True,"{'a': 0, 'e': 0}",30,24,12.298723049228302,"{0: 6, 1: 0, 2: 0, 3: 0, 4: 0}",1
12,True,"{'a': 0, 'e': 0}",20,0,29.12755869521886,"{0: 20, 1: 0, 2: 0, 3: 0, 4: 0}",0
13,True,"{'a': 0, 'e': 0}",25,7,29.55506129936218,"{0: 18, 1: 0, 2: 0, 3: 0, 4: 0}",1
14,True,"{'a': 0, 'e': 0}",20,13,11.936067013180605,"{0: 7, 1: 0, 2: 0, 3: 0, 4: 0}",1
15,True,"{'a': 0, 'e': 0}",20,8,18.790985019133466,"{0: 12, 1: 0, 2: 0, 3: 0, 4: 0}",1
16,True,"{'a': 0, 'e': 0}",25,20,10.094466910183707,"{0: 5, 1: 0, 2: 0, 3: 0, 4: 0}",1
17,True,"{'a': 0, 'e': 0}",20,16,7.519839894457087,"{0: 4, 1: 0, 2: 0, 3: 0, 4: 0}",1
18,True,"{'a': 0, 'e': 0}",20,7,24.43890443122352,"{0: 13, 1: 0, 2: 0, 3: 0, 4: 0}",1
19,True,"{'a': 0, 'e': 0}",25,18,13.76813041668629,"{0: 7, 1: 0, 2: 0, 3: 0, 4: 0}",1
20,True,"{'a': 0, 'e': 0}",20,14,12.503017660167242,"{0: 6, 1: 0, 2: 0, 3: 0, 4: 0}",1
